Suite/Test/Step Name,Browser,Description,Tag,Start time,End time,Duration,Status
Rejestracja,Chrome 87.0.4280.88,,,2020-12-29 20:23:47,2020-12-29 20:24:08,"21,381s",PASSED
,,,,,,,
Test Cases/Rejestracja,Chrome 87.0.4280.88,,,2020-12-29 20:23:48,2020-12-29 20:23:58,"10,560s",PASSED
"openBrowser("""")",Chrome 87.0.4280.88,,,2020-12-29 20:23:48,2020-12-29 20:23:52,"3,940s",PASSED
"setViewPortSize(1920, 1080)",Chrome 87.0.4280.88,,,2020-12-29 20:23:52,2020-12-29 20:23:54,"2,215s",PASSED
"navigateToUrl(""http://a.testaddressbook.com/"")",Chrome 87.0.4280.88,,,2020-12-29 20:23:54,2020-12-29 20:23:55,"0,711s",PASSED
"click(findTestObject(""Rejestracja/a_Sign in""))",Chrome 87.0.4280.88,,,2020-12-29 20:23:55,2020-12-29 20:23:56,"0,469s",PASSED
"click(findTestObject(""Rejestracja/a_Sign up""))",Chrome 87.0.4280.88,,,2020-12-29 20:23:56,2020-12-29 20:23:56,"0,631s",PASSED
"setText(findTestObject(""Rejestracja/input_Sign up_useremail""), usermail)",Chrome 87.0.4280.88,,,2020-12-29 20:23:56,2020-12-29 20:23:57,"0,933s",PASSED
"setText(findTestObject(""Rejestracja/input_Sign up_userpassword""), password)",Chrome 87.0.4280.88,,,2020-12-29 20:23:57,2020-12-29 20:23:58,"0,581s",PASSED
"click(findTestObject(""Rejestracja/input_Sign up_commit""))",Chrome 87.0.4280.88,,,2020-12-29 20:23:58,2020-12-29 20:23:58,"0,714s",PASSED
,,,,,,,
Test Cases/Rejestracja,Chrome 87.0.4280.88,,,2020-12-29 20:23:58,2020-12-29 20:24:08,"9,997s",PASSED
"openBrowser("""")",Chrome 87.0.4280.88,,,2020-12-29 20:23:58,2020-12-29 20:24:02,"3,858s",PASSED
"setViewPortSize(1920, 1080)",Chrome 87.0.4280.88,,,2020-12-29 20:24:02,2020-12-29 20:24:04,"2,126s",PASSED
"navigateToUrl(""http://a.testaddressbook.com/"")",Chrome 87.0.4280.88,,,2020-12-29 20:24:04,2020-12-29 20:24:05,"0,697s",PASSED
"click(findTestObject(""Rejestracja/a_Sign in""))",Chrome 87.0.4280.88,,,2020-12-29 20:24:05,2020-12-29 20:24:06,"0,518s",PASSED
"click(findTestObject(""Rejestracja/a_Sign up""))",Chrome 87.0.4280.88,,,2020-12-29 20:24:06,2020-12-29 20:24:06,"0,626s",PASSED
"setText(findTestObject(""Rejestracja/input_Sign up_useremail""), usermail)",Chrome 87.0.4280.88,,,2020-12-29 20:24:06,2020-12-29 20:24:07,"0,882s",PASSED
"setText(findTestObject(""Rejestracja/input_Sign up_userpassword""), password)",Chrome 87.0.4280.88,,,2020-12-29 20:24:07,2020-12-29 20:24:08,"0,570s",PASSED
"click(findTestObject(""Rejestracja/input_Sign up_commit""))",Chrome 87.0.4280.88,,,2020-12-29 20:24:08,2020-12-29 20:24:08,"0,713s",PASSED
