Suite/Test/Step Name,Browser,Description,Tag,Start time,End time,Duration,Status
LogowanieKsiazka,Chrome 87.0.4280.88,,,2020-12-30 22:06:31,2020-12-30 22:07:42,"1m - 11,223s",PASSED
,,,,,,,
Test Cases/Logowanie,Chrome 87.0.4280.88,,,2020-12-30 22:06:31,2020-12-30 22:06:41,"9,545s",PASSED
"openBrowser("""")",Chrome 87.0.4280.88,,,2020-12-30 22:06:32,2020-12-30 22:06:35,"3,629s",PASSED
"setViewPortSize(1920, 1080)",Chrome 87.0.4280.88,,,2020-12-30 22:06:35,2020-12-30 22:06:37,"2,132s",PASSED
"navigateToUrl(""http://a.testaddressbook.com/"")",Chrome 87.0.4280.88,,,2020-12-30 22:06:37,2020-12-30 22:06:38,"0,682s",PASSED
"click(findTestObject(""Logowanie/a_Sign in""))",Chrome 87.0.4280.88,,,2020-12-30 22:06:38,2020-12-30 22:06:39,"0,556s",PASSED
"setText(findTestObject(""Logowanie/input_Sign in_sessionemail""), usermail)",Chrome 87.0.4280.88,,,2020-12-30 22:06:39,2020-12-30 22:06:40,"0,979s",PASSED
"setText(findTestObject(""Logowanie/input_Sign in_sessionpassword""), password)",Chrome 87.0.4280.88,,,2020-12-30 22:06:40,2020-12-30 22:06:40,"0,573s",PASSED
"click(findTestObject(""Logowanie/input_Sign in_commit""))",Chrome 87.0.4280.88,,,2020-12-30 22:06:40,2020-12-30 22:06:41,"0,793s",PASSED
,,,,,,,
Test Cases/Logowanie,Chrome 87.0.4280.88,,,2020-12-30 22:06:41,2020-12-30 22:06:50,"9,258s",PASSED
"openBrowser("""")",Chrome 87.0.4280.88,,,2020-12-30 22:06:41,2020-12-30 22:06:45,"3,610s",PASSED
"setViewPortSize(1920, 1080)",Chrome 87.0.4280.88,,,2020-12-30 22:06:45,2020-12-30 22:06:47,"2,120s",PASSED
"navigateToUrl(""http://a.testaddressbook.com/"")",Chrome 87.0.4280.88,,,2020-12-30 22:06:47,2020-12-30 22:06:47,"0,663s",PASSED
"click(findTestObject(""Logowanie/a_Sign in""))",Chrome 87.0.4280.88,,,2020-12-30 22:06:47,2020-12-30 22:06:48,"0,501s",PASSED
"setText(findTestObject(""Logowanie/input_Sign in_sessionemail""), usermail)",Chrome 87.0.4280.88,,,2020-12-30 22:06:48,2020-12-30 22:06:49,"0,886s",PASSED
"setText(findTestObject(""Logowanie/input_Sign in_sessionpassword""), password)",Chrome 87.0.4280.88,,,2020-12-30 22:06:49,2020-12-30 22:06:49,"0,551s",PASSED
"click(findTestObject(""Logowanie/input_Sign in_commit""))",Chrome 87.0.4280.88,,,2020-12-30 22:06:49,2020-12-30 22:06:50,"0,922s",PASSED
,,,,,,,
Test Cases/Logowanie,Chrome 87.0.4280.88,,,2020-12-30 22:06:50,2020-12-30 22:07:00,"9,379s",PASSED
"openBrowser("""")",Chrome 87.0.4280.88,,,2020-12-30 22:06:50,2020-12-30 22:06:54,"3,597s",PASSED
"setViewPortSize(1920, 1080)",Chrome 87.0.4280.88,,,2020-12-30 22:06:54,2020-12-30 22:06:56,"2,120s",PASSED
"navigateToUrl(""http://a.testaddressbook.com/"")",Chrome 87.0.4280.88,,,2020-12-30 22:06:56,2020-12-30 22:06:57,"0,756s",PASSED
"click(findTestObject(""Logowanie/a_Sign in""))",Chrome 87.0.4280.88,,,2020-12-30 22:06:57,2020-12-30 22:06:57,"0,503s",PASSED
"setText(findTestObject(""Logowanie/input_Sign in_sessionemail""), usermail)",Chrome 87.0.4280.88,,,2020-12-30 22:06:57,2020-12-30 22:06:58,"0,967s",PASSED
"setText(findTestObject(""Logowanie/input_Sign in_sessionpassword""), password)",Chrome 87.0.4280.88,,,2020-12-30 22:06:58,2020-12-30 22:06:59,"0,546s",PASSED
"click(findTestObject(""Logowanie/input_Sign in_commit""))",Chrome 87.0.4280.88,,,2020-12-30 22:06:59,2020-12-30 22:07:00,"0,886s",PASSED
,,,,,,,
Test Cases/Logowanie,Chrome 87.0.4280.88,,,2020-12-30 22:07:00,2020-12-30 22:07:09,"9,240s",PASSED
"openBrowser("""")",Chrome 87.0.4280.88,,,2020-12-30 22:07:00,2020-12-30 22:07:03,"3,623s",PASSED
"setViewPortSize(1920, 1080)",Chrome 87.0.4280.88,,,2020-12-30 22:07:03,2020-12-30 22:07:05,"2,119s",PASSED
"navigateToUrl(""http://a.testaddressbook.com/"")",Chrome 87.0.4280.88,,,2020-12-30 22:07:05,2020-12-30 22:07:06,"0,716s",PASSED
"click(findTestObject(""Logowanie/a_Sign in""))",Chrome 87.0.4280.88,,,2020-12-30 22:07:06,2020-12-30 22:07:07,"0,504s",PASSED
"setText(findTestObject(""Logowanie/input_Sign in_sessionemail""), usermail)",Chrome 87.0.4280.88,,,2020-12-30 22:07:07,2020-12-30 22:07:08,"0,963s",PASSED
"setText(findTestObject(""Logowanie/input_Sign in_sessionpassword""), password)",Chrome 87.0.4280.88,,,2020-12-30 22:07:08,2020-12-30 22:07:08,"0,539s",PASSED
"click(findTestObject(""Logowanie/input_Sign in_commit""))",Chrome 87.0.4280.88,,,2020-12-30 22:07:08,2020-12-30 22:07:09,"0,772s",PASSED
,,,,,,,
Test Cases/Logowanie,Chrome 87.0.4280.88,,,2020-12-30 22:07:09,2020-12-30 22:07:18,"9,142s",PASSED
"openBrowser("""")",Chrome 87.0.4280.88,,,2020-12-30 22:07:09,2020-12-30 22:07:13,"3,603s",PASSED
"setViewPortSize(1920, 1080)",Chrome 87.0.4280.88,,,2020-12-30 22:07:13,2020-12-30 22:07:15,"2,131s",PASSED
"navigateToUrl(""http://a.testaddressbook.com/"")",Chrome 87.0.4280.88,,,2020-12-30 22:07:15,2020-12-30 22:07:15,"0,689s",PASSED
"click(findTestObject(""Logowanie/a_Sign in""))",Chrome 87.0.4280.88,,,2020-12-30 22:07:15,2020-12-30 22:07:16,"0,506s",PASSED
"setText(findTestObject(""Logowanie/input_Sign in_sessionemail""), usermail)",Chrome 87.0.4280.88,,,2020-12-30 22:07:16,2020-12-30 22:07:17,"0,905s",PASSED
"setText(findTestObject(""Logowanie/input_Sign in_sessionpassword""), password)",Chrome 87.0.4280.88,,,2020-12-30 22:07:17,2020-12-30 22:07:17,"0,547s",PASSED
"click(findTestObject(""Logowanie/input_Sign in_commit""))",Chrome 87.0.4280.88,,,2020-12-30 22:07:17,2020-12-30 22:07:18,"0,756s",PASSED
,,,,,,,
Test Cases/WpisKsiazka,Chrome 87.0.4280.88,,,2020-12-30 22:07:18,2020-12-30 22:07:23,"4,820s",PASSED
"click(findTestObject(""WpisKsiazka/a_Addresses""))",Chrome 87.0.4280.88,,,2020-12-30 22:07:18,2020-12-30 22:07:19,"0,297s",PASSED
"click(findTestObject(""WpisKsiazka/a_New Address""))",Chrome 87.0.4280.88,,,2020-12-30 22:07:19,2020-12-30 22:07:19,"0,693s",PASSED
"setText(findTestObject(""WpisKsiazka/input_First name_addressfirst_name""), firstname)",Chrome 87.0.4280.88,,,2020-12-30 22:07:19,2020-12-30 22:07:20,"0,971s",PASSED
"setText(findTestObject(""WpisKsiazka/input_Last name_addresslast_name""), lastname)",Chrome 87.0.4280.88,,,2020-12-30 22:07:20,2020-12-30 22:07:21,"0,550s",PASSED
"setText(findTestObject(""WpisKsiazka/input_Zip code_addresszip_code""), zipcode)",Chrome 87.0.4280.88,,,2020-12-30 22:07:21,2020-12-30 22:07:21,"0,534s",PASSED
"setText(findTestObject(""WpisKsiazka/input_Address1_addressaddress1""), address)",Chrome 87.0.4280.88,,,2020-12-30 22:07:21,2020-12-30 22:07:22,"0,556s",PASSED
"setText(findTestObject(""WpisKsiazka/input_Age_addressage""), data)",Chrome 87.0.4280.88,,,2020-12-30 22:07:22,2020-12-30 22:07:22,"0,541s",PASSED
"click(findTestObject(""WpisKsiazka/Create_Address""))",Chrome 87.0.4280.88,,,2020-12-30 22:07:22,2020-12-30 22:07:23,"0,558s",PASSED
,,,,,,,
Test Cases/WpisKsiazka,Chrome 87.0.4280.88,,,2020-12-30 22:07:23,2020-12-30 22:07:28,"4,868s",PASSED
"click(findTestObject(""WpisKsiazka/a_Addresses""))",Chrome 87.0.4280.88,,,2020-12-30 22:07:23,2020-12-30 22:07:23,"0,490s",PASSED
"click(findTestObject(""WpisKsiazka/a_New Address""))",Chrome 87.0.4280.88,,,2020-12-30 22:07:23,2020-12-30 22:07:24,"0,691s",PASSED
"setText(findTestObject(""WpisKsiazka/input_First name_addressfirst_name""), firstname)",Chrome 87.0.4280.88,,,2020-12-30 22:07:24,2020-12-30 22:07:25,"0,943s",PASSED
"setText(findTestObject(""WpisKsiazka/input_Last name_addresslast_name""), lastname)",Chrome 87.0.4280.88,,,2020-12-30 22:07:25,2020-12-30 22:07:26,"0,533s",PASSED
"setText(findTestObject(""WpisKsiazka/input_Zip code_addresszip_code""), zipcode)",Chrome 87.0.4280.88,,,2020-12-30 22:07:26,2020-12-30 22:07:26,"0,538s",PASSED
"setText(findTestObject(""WpisKsiazka/input_Address1_addressaddress1""), address)",Chrome 87.0.4280.88,,,2020-12-30 22:07:26,2020-12-30 22:07:27,"0,565s",PASSED
"setText(findTestObject(""WpisKsiazka/input_Age_addressage""), data)",Chrome 87.0.4280.88,,,2020-12-30 22:07:27,2020-12-30 22:07:27,"0,540s",PASSED
"click(findTestObject(""WpisKsiazka/Create_Address""))",Chrome 87.0.4280.88,,,2020-12-30 22:07:27,2020-12-30 22:07:28,"0,564s",PASSED
,,,,,,,
Test Cases/WpisKsiazka,Chrome 87.0.4280.88,,,2020-12-30 22:07:28,2020-12-30 22:07:33,"4,914s",PASSED
"click(findTestObject(""WpisKsiazka/a_Addresses""))",Chrome 87.0.4280.88,,,2020-12-30 22:07:28,2020-12-30 22:07:28,"0,493s",PASSED
"click(findTestObject(""WpisKsiazka/a_New Address""))",Chrome 87.0.4280.88,,,2020-12-30 22:07:28,2020-12-30 22:07:29,"0,689s",PASSED
"setText(findTestObject(""WpisKsiazka/input_First name_addressfirst_name""), firstname)",Chrome 87.0.4280.88,,,2020-12-30 22:07:29,2020-12-30 22:07:30,"0,943s",PASSED
"setText(findTestObject(""WpisKsiazka/input_Last name_addresslast_name""), lastname)",Chrome 87.0.4280.88,,,2020-12-30 22:07:30,2020-12-30 22:07:31,"0,547s",PASSED
"setText(findTestObject(""WpisKsiazka/input_Zip code_addresszip_code""), zipcode)",Chrome 87.0.4280.88,,,2020-12-30 22:07:31,2020-12-30 22:07:31,"0,535s",PASSED
"setText(findTestObject(""WpisKsiazka/input_Address1_addressaddress1""), address)",Chrome 87.0.4280.88,,,2020-12-30 22:07:31,2020-12-30 22:07:32,"0,539s",PASSED
"setText(findTestObject(""WpisKsiazka/input_Age_addressage""), data)",Chrome 87.0.4280.88,,,2020-12-30 22:07:32,2020-12-30 22:07:32,"0,528s",PASSED
"click(findTestObject(""WpisKsiazka/Create_Address""))",Chrome 87.0.4280.88,,,2020-12-30 22:07:32,2020-12-30 22:07:33,"0,635s",PASSED
,,,,,,,
Test Cases/WpisKsiazka,Chrome 87.0.4280.88,,,2020-12-30 22:07:33,2020-12-30 22:07:37,"4,594s",PASSED
"click(findTestObject(""WpisKsiazka/a_Addresses""))",Chrome 87.0.4280.88,,,2020-12-30 22:07:33,2020-12-30 22:07:33,"0,282s",PASSED
"click(findTestObject(""WpisKsiazka/a_New Address""))",Chrome 87.0.4280.88,,,2020-12-30 22:07:33,2020-12-30 22:07:34,"0,694s",PASSED
"setText(findTestObject(""WpisKsiazka/input_First name_addressfirst_name""), firstname)",Chrome 87.0.4280.88,,,2020-12-30 22:07:34,2020-12-30 22:07:35,"0,937s",PASSED
"setText(findTestObject(""WpisKsiazka/input_Last name_addresslast_name""), lastname)",Chrome 87.0.4280.88,,,2020-12-30 22:07:35,2020-12-30 22:07:35,"0,532s",PASSED
"setText(findTestObject(""WpisKsiazka/input_Zip code_addresszip_code""), zipcode)",Chrome 87.0.4280.88,,,2020-12-30 22:07:35,2020-12-30 22:07:36,"0,539s",PASSED
"setText(findTestObject(""WpisKsiazka/input_Address1_addressaddress1""), address)",Chrome 87.0.4280.88,,,2020-12-30 22:07:36,2020-12-30 22:07:36,"0,537s",PASSED
"setText(findTestObject(""WpisKsiazka/input_Age_addressage""), data)",Chrome 87.0.4280.88,,,2020-12-30 22:07:36,2020-12-30 22:07:37,"0,538s",PASSED
"click(findTestObject(""WpisKsiazka/Create_Address""))",Chrome 87.0.4280.88,,,2020-12-30 22:07:37,2020-12-30 22:07:37,"0,529s",PASSED
,,,,,,,
Test Cases/WpisKsiazka,Chrome 87.0.4280.88,,,2020-12-30 22:07:37,2020-12-30 22:07:42,"4,716s",PASSED
"click(findTestObject(""WpisKsiazka/a_Addresses""))",Chrome 87.0.4280.88,,,2020-12-30 22:07:37,2020-12-30 22:07:38,"0,283s",PASSED
"click(findTestObject(""WpisKsiazka/a_New Address""))",Chrome 87.0.4280.88,,,2020-12-30 22:07:38,2020-12-30 22:07:38,"0,696s",PASSED
"setText(findTestObject(""WpisKsiazka/input_First name_addressfirst_name""), firstname)",Chrome 87.0.4280.88,,,2020-12-30 22:07:38,2020-12-30 22:07:39,"0,964s",PASSED
"setText(findTestObject(""WpisKsiazka/input_Last name_addresslast_name""), lastname)",Chrome 87.0.4280.88,,,2020-12-30 22:07:39,2020-12-30 22:07:40,"0,531s",PASSED
"setText(findTestObject(""WpisKsiazka/input_Zip code_addresszip_code""), zipcode)",Chrome 87.0.4280.88,,,2020-12-30 22:07:40,2020-12-30 22:07:40,"0,529s",PASSED
"setText(findTestObject(""WpisKsiazka/input_Address1_addressaddress1""), address)",Chrome 87.0.4280.88,,,2020-12-30 22:07:40,2020-12-30 22:07:41,"0,537s",PASSED
"setText(findTestObject(""WpisKsiazka/input_Age_addressage""), data)",Chrome 87.0.4280.88,,,2020-12-30 22:07:41,2020-12-30 22:07:42,"0,531s",PASSED
"click(findTestObject(""WpisKsiazka/Create_Address""))",Chrome 87.0.4280.88,,,2020-12-30 22:07:42,2020-12-30 22:07:42,"0,640s",PASSED
