Suite/Test/Step Name,Browser,Description,Tag,Start time,End time,Duration,Status
Rejestracja,Chrome 87.0.4280.88,,,2020-12-29 20:20:08,2020-12-29 20:20:20,"11,882s",FAILED
,,,,,,,
Test Cases/Rejestracja,Chrome 87.0.4280.88,,,2020-12-29 20:20:09,2020-12-29 20:20:15,"5,649s",FAILED
"openBrowser("""")",Chrome 87.0.4280.88,,,2020-12-29 20:20:10,2020-12-29 20:20:13,"3,871s",PASSED
"navigateToUrl(""http://a.testaddressbook.com/"")",Chrome 87.0.4280.88,,,2020-12-29 20:20:13,2020-12-29 20:20:14,"0,702s",PASSED
"click(findTestObject(""Rejestracja/a_Sign in""))",Chrome 87.0.4280.88,,,2020-12-29 20:20:14,2020-12-29 20:20:15,"0,742s",FAILED
,,,,,,,
Test Cases/Rejestracja,Chrome 87.0.4280.88,,,2020-12-29 20:20:15,2020-12-29 20:20:20,"5,379s",FAILED
"openBrowser("""")",Chrome 87.0.4280.88,,,2020-12-29 20:20:15,2020-12-29 20:20:19,"3,921s",PASSED
"navigateToUrl(""http://a.testaddressbook.com/"")",Chrome 87.0.4280.88,,,2020-12-29 20:20:19,2020-12-29 20:20:20,"0,693s",PASSED
"click(findTestObject(""Rejestracja/a_Sign in""))",Chrome 87.0.4280.88,,,2020-12-29 20:20:20,2020-12-29 20:20:20,"0,756s",FAILED
