Suite/Test/Step Name,Browser,Description,Tag,Start time,End time,Duration,Status
Rejestracja,,,,2020-12-29 20:12:18,2020-12-29 20:12:19,"1,521s",FAILED
,,,,,,,
Test Cases/Rejestracja,,,,2020-12-29 20:12:18,2020-12-29 20:12:19,"0,636s",FAILED
"click(findTestObject(""Rejestracja/a_Sign in""))",,,,2020-12-29 20:12:19,2020-12-29 20:12:19,"0,326s",FAILED
,,,,,,,
Test Cases/Rejestracja,,,,2020-12-29 20:12:19,2020-12-29 20:12:19,"0,101s",FAILED
"click(findTestObject(""Rejestracja/a_Sign in""))",,,,2020-12-29 20:12:19,2020-12-29 20:12:19,"0,092s",FAILED
