Suite/Test/Step Name,Browser,Description,Tag,Start time,End time,Duration,Status
Logowanie,Chrome 87.0.4280.88,,,2020-12-29 20:36:09,2020-12-29 20:36:29,"20,548s",PASSED
,,,,,,,
Test Cases/Logowanie,Chrome 87.0.4280.88,,,2020-12-29 20:36:10,2020-12-29 20:36:20,"10,136s",PASSED
"openBrowser("""")",Chrome 87.0.4280.88,,,2020-12-29 20:36:10,2020-12-29 20:36:14,"3,862s",PASSED
"setViewPortSize(1920, 1080)",Chrome 87.0.4280.88,,,2020-12-29 20:36:14,2020-12-29 20:36:16,"2,455s",PASSED
"navigateToUrl(""http://a.testaddressbook.com/"")",Chrome 87.0.4280.88,,,2020-12-29 20:36:16,2020-12-29 20:36:17,"0,767s",PASSED
"click(findTestObject(""Logowanie/a_Sign in""))",Chrome 87.0.4280.88,,,2020-12-29 20:36:17,2020-12-29 20:36:18,"0,484s",PASSED
"setText(findTestObject(""Logowanie/input_Sign in_sessionemail""), usermail)",Chrome 87.0.4280.88,,,2020-12-29 20:36:18,2020-12-29 20:36:19,"0,922s",PASSED
"setText(findTestObject(""Logowanie/input_Sign in_sessionpassword""), password)",Chrome 87.0.4280.88,,,2020-12-29 20:36:19,2020-12-29 20:36:19,"0,582s",PASSED
"click(findTestObject(""Logowanie/input_Sign in_commit""))",Chrome 87.0.4280.88,,,2020-12-29 20:36:19,2020-12-29 20:36:20,"0,739s",PASSED
,,,,,,,
Test Cases/Logowanie,Chrome 87.0.4280.88,,,2020-12-29 20:36:20,2020-12-29 20:36:29,"9,586s",PASSED
"openBrowser("""")",Chrome 87.0.4280.88,,,2020-12-29 20:36:20,2020-12-29 20:36:24,"3,757s",PASSED
"setViewPortSize(1920, 1080)",Chrome 87.0.4280.88,,,2020-12-29 20:36:24,2020-12-29 20:36:26,"2,424s",PASSED
"navigateToUrl(""http://a.testaddressbook.com/"")",Chrome 87.0.4280.88,,,2020-12-29 20:36:26,2020-12-29 20:36:27,"0,703s",PASSED
"click(findTestObject(""Logowanie/a_Sign in""))",Chrome 87.0.4280.88,,,2020-12-29 20:36:27,2020-12-29 20:36:27,"0,518s",PASSED
"setText(findTestObject(""Logowanie/input_Sign in_sessionemail""), usermail)",Chrome 87.0.4280.88,,,2020-12-29 20:36:27,2020-12-29 20:36:28,"0,886s",PASSED
"setText(findTestObject(""Logowanie/input_Sign in_sessionpassword""), password)",Chrome 87.0.4280.88,,,2020-12-29 20:36:28,2020-12-29 20:36:29,"0,574s",PASSED
"click(findTestObject(""Logowanie/input_Sign in_commit""))",Chrome 87.0.4280.88,,,2020-12-29 20:36:29,2020-12-29 20:36:29,"0,717s",PASSED
