Suite/Test/Step Name,Browser,Description,Tag,Start time,End time,Duration,Status
RejestracjaLogowanieWpisKsiazka,Chrome 87.0.4280.88,,,2020-12-30 21:46:56,2020-12-30 21:47:50,"54,491s",FAILED
,,,,,,,
Test Cases/Rejestracja,Chrome 87.0.4280.88,,,2020-12-30 21:46:57,2020-12-30 21:47:07,"10,285s",PASSED
"openBrowser("""")",Chrome 87.0.4280.88,,,2020-12-30 21:46:57,2020-12-30 21:47:00,"3,525s",PASSED
"setViewPortSize(1920, 1080)",Chrome 87.0.4280.88,,,2020-12-30 21:47:00,2020-12-30 21:47:02,"2,128s",PASSED
"navigateToUrl(""http://a.testaddressbook.com/"")",Chrome 87.0.4280.88,,,2020-12-30 21:47:02,2020-12-30 21:47:03,"0,714s",PASSED
"click(findTestObject(""Rejestracja/a_Sign in""))",Chrome 87.0.4280.88,,,2020-12-30 21:47:03,2020-12-30 21:47:04,"0,567s",PASSED
"click(findTestObject(""Rejestracja/a_Sign up""))",Chrome 87.0.4280.88,,,2020-12-30 21:47:04,2020-12-30 21:47:04,"0,804s",PASSED
"setText(findTestObject(""Rejestracja/input_Sign up_useremail""), usermail)",Chrome 87.0.4280.88,,,2020-12-30 21:47:04,2020-12-30 21:47:05,"0,991s",PASSED
"setText(findTestObject(""Rejestracja/input_Sign up_userpassword""), password)",Chrome 87.0.4280.88,,,2020-12-30 21:47:05,2020-12-30 21:47:06,"0,577s",PASSED
"click(findTestObject(""Rejestracja/input_Sign up_commit""))",Chrome 87.0.4280.88,,,2020-12-30 21:47:06,2020-12-30 21:47:07,"0,768s",PASSED
,,,,,,,
Test Cases/Logowanie,Chrome 87.0.4280.88,,,2020-12-30 21:47:07,2020-12-30 21:47:16,"9,339s",PASSED
"openBrowser("""")",Chrome 87.0.4280.88,,,2020-12-30 21:47:07,2020-12-30 21:47:11,"3,624s",PASSED
"setViewPortSize(1920, 1080)",Chrome 87.0.4280.88,,,2020-12-30 21:47:11,2020-12-30 21:47:13,"2,124s",PASSED
"navigateToUrl(""http://a.testaddressbook.com/"")",Chrome 87.0.4280.88,,,2020-12-30 21:47:13,2020-12-30 21:47:13,"0,699s",PASSED
"click(findTestObject(""Logowanie/a_Sign in""))",Chrome 87.0.4280.88,,,2020-12-30 21:47:13,2020-12-30 21:47:14,"0,517s",PASSED
"setText(findTestObject(""Logowanie/input_Sign in_sessionemail""), usermail)",Chrome 87.0.4280.88,,,2020-12-30 21:47:14,2020-12-30 21:47:15,"0,883s",PASSED
"setText(findTestObject(""Logowanie/input_Sign in_sessionpassword""), password)",Chrome 87.0.4280.88,,,2020-12-30 21:47:15,2020-12-30 21:47:15,"0,543s",PASSED
"click(findTestObject(""Logowanie/input_Sign in_commit""))",Chrome 87.0.4280.88,,,2020-12-30 21:47:15,2020-12-30 21:47:16,"0,826s",PASSED
,,,,,,,
Test Cases/WpisKsiazka,Chrome 87.0.4280.88,,,2020-12-30 21:47:16,2020-12-30 21:47:50,"34,258s",FAILED
"click(findTestObject(""WpisKsiazka/a_Addresses""))",Chrome 87.0.4280.88,,,2020-12-30 21:47:16,2020-12-30 21:47:17,"0,336s",PASSED
"click(findTestObject(""WpisKsiazka/a_New Address""))",Chrome 87.0.4280.88,,,2020-12-30 21:47:17,2020-12-30 21:47:17,"0,696s",PASSED
"setText(findTestObject(""WpisKsiazka/input_First name_addressfirst_name""), firstname)",Chrome 87.0.4280.88,,,2020-12-30 21:47:17,2020-12-30 21:47:18,"1,058s",PASSED
"setText(findTestObject(""WpisKsiazka/input_Last name_addresslast_name""), lastname)",Chrome 87.0.4280.88,,,2020-12-30 21:47:18,2020-12-30 21:47:19,"0,564s",PASSED
"setText(findTestObject(""WpisKsiazka/input_Zip code_addresszip_code""), zipcode)",Chrome 87.0.4280.88,,,2020-12-30 21:47:19,2020-12-30 21:47:50,"31,467s",FAILED
