Suite/Test/Step Name,Browser,Description,Tag,Start time,End time,Duration,Status
Rejestracja,,,,2020-12-29 20:11:51,2020-12-29 20:11:52,"1,649s",FAILED
,,,,,,,
Test Cases/Rejestracja,,,,2020-12-29 20:11:52,2020-12-29 20:11:52,"0,640s",FAILED
"click(findTestObject(""Rejestracja/a_Sign in""))",,,,2020-12-29 20:11:52,2020-12-29 20:11:52,"0,313s",FAILED
,,,,,,,
Test Cases/Rejestracja,,,,2020-12-29 20:11:52,2020-12-29 20:11:52,"0,224s",FAILED
"click(findTestObject(""Rejestracja/a_Sign in""))",,,,2020-12-29 20:11:52,2020-12-29 20:11:52,"0,213s",FAILED
