Suite/Test/Step Name,Browser,Description,Tag,Start time,End time,Duration,Status
RejestracjaLogowanieWpisKsiazka,Chrome 87.0.4280.88,,,2020-12-30 21:41:39,2020-12-30 21:42:33,"53,880s",FAILED
,,,,,,,
Test Cases/Rejestracja,Chrome 87.0.4280.88,,,2020-12-30 21:41:39,2020-12-30 21:41:50,"10,188s",PASSED
"openBrowser("""")",Chrome 87.0.4280.88,,,2020-12-30 21:41:40,2020-12-30 21:41:43,"3,540s",PASSED
"setViewPortSize(1920, 1080)",Chrome 87.0.4280.88,,,2020-12-30 21:41:43,2020-12-30 21:41:45,"2,139s",PASSED
"navigateToUrl(""http://a.testaddressbook.com/"")",Chrome 87.0.4280.88,,,2020-12-30 21:41:45,2020-12-30 21:41:46,"0,745s",PASSED
"click(findTestObject(""Rejestracja/a_Sign in""))",Chrome 87.0.4280.88,,,2020-12-30 21:41:46,2020-12-30 21:41:47,"0,541s",PASSED
"click(findTestObject(""Rejestracja/a_Sign up""))",Chrome 87.0.4280.88,,,2020-12-30 21:41:47,2020-12-30 21:41:47,"0,703s",PASSED
"setText(findTestObject(""Rejestracja/input_Sign up_useremail""), usermail)",Chrome 87.0.4280.88,,,2020-12-30 21:41:47,2020-12-30 21:41:48,"0,893s",PASSED
"setText(findTestObject(""Rejestracja/input_Sign up_userpassword""), password)",Chrome 87.0.4280.88,,,2020-12-30 21:41:48,2020-12-30 21:41:49,"0,550s",PASSED
"click(findTestObject(""Rejestracja/input_Sign up_commit""))",Chrome 87.0.4280.88,,,2020-12-30 21:41:49,2020-12-30 21:41:50,"0,850s",PASSED
,,,,,,,
Test Cases/Logowanie,Chrome 87.0.4280.88,,,2020-12-30 21:41:50,2020-12-30 21:41:59,"9,172s",PASSED
"openBrowser("""")",Chrome 87.0.4280.88,,,2020-12-30 21:41:50,2020-12-30 21:41:53,"3,613s",PASSED
"setViewPortSize(1920, 1080)",Chrome 87.0.4280.88,,,2020-12-30 21:41:53,2020-12-30 21:41:56,"2,121s",PASSED
"navigateToUrl(""http://a.testaddressbook.com/"")",Chrome 87.0.4280.88,,,2020-12-30 21:41:56,2020-12-30 21:41:56,"0,664s",PASSED
"click(findTestObject(""Logowanie/a_Sign in""))",Chrome 87.0.4280.88,,,2020-12-30 21:41:56,2020-12-30 21:41:57,"0,512s",PASSED
"setText(findTestObject(""Logowanie/input_Sign in_sessionemail""), usermail)",Chrome 87.0.4280.88,,,2020-12-30 21:41:57,2020-12-30 21:41:58,"0,897s",PASSED
"setText(findTestObject(""Logowanie/input_Sign in_sessionpassword""), password)",Chrome 87.0.4280.88,,,2020-12-30 21:41:58,2020-12-30 21:41:58,"0,543s",PASSED
"click(findTestObject(""Logowanie/input_Sign in_commit""))",Chrome 87.0.4280.88,,,2020-12-30 21:41:58,2020-12-30 21:41:59,"0,702s",PASSED
,,,,,,,
Test Cases/WpisKsiazka,Chrome 87.0.4280.88,,,2020-12-30 21:41:59,2020-12-30 21:42:33,"33,887s",FAILED
"click(findTestObject(""WpisKsiazka/a_Addresses""))",Chrome 87.0.4280.88,,,2020-12-30 21:41:59,2020-12-30 21:41:59,"0,291s",PASSED
"click(findTestObject(""WpisKsiazka/a_New Address""))",Chrome 87.0.4280.88,,,2020-12-30 21:41:59,2020-12-30 21:42:00,"0,602s",PASSED
"setText(findTestObject(""WpisKsiazka/input_First name_addressfirst_name""), firstname)",Chrome 87.0.4280.88,,,2020-12-30 21:42:00,2020-12-30 21:42:01,"0,952s",PASSED
"setText(findTestObject(""WpisKsiazka/input_Last name_addresslast_name""), lastname)",Chrome 87.0.4280.88,,,2020-12-30 21:42:01,2020-12-30 21:42:01,"0,540s",PASSED
"setText(findTestObject(""WpisKsiazka/input_Zip code_addresszip_code""), zipcode)",Chrome 87.0.4280.88,,,2020-12-30 21:42:01,2020-12-30 21:42:33,"31,355s",FAILED
