Suite/Test/Step Name,Browser,Description,Tag,Start time,End time,Duration,Status
Logowanie,Chrome 87.0.4280.88,,,2020-12-30 22:05:21,2020-12-30 22:06:08,"46,826s",PASSED
,,,,,,,
Test Cases/Logowanie,Chrome 87.0.4280.88,,,2020-12-30 22:05:21,2020-12-30 22:05:31,"9,242s",PASSED
"openBrowser("""")",Chrome 87.0.4280.88,,,2020-12-30 22:05:22,2020-12-30 22:05:25,"3,538s",PASSED
"setViewPortSize(1920, 1080)",Chrome 87.0.4280.88,,,2020-12-30 22:05:25,2020-12-30 22:05:27,"2,129s",PASSED
"navigateToUrl(""http://a.testaddressbook.com/"")",Chrome 87.0.4280.88,,,2020-12-30 22:05:27,2020-12-30 22:05:28,"0,690s",PASSED
"click(findTestObject(""Logowanie/a_Sign in""))",Chrome 87.0.4280.88,,,2020-12-30 22:05:28,2020-12-30 22:05:28,"0,540s",PASSED
"setText(findTestObject(""Logowanie/input_Sign in_sessionemail""), usermail)",Chrome 87.0.4280.88,,,2020-12-30 22:05:28,2020-12-30 22:05:29,"0,890s",PASSED
"setText(findTestObject(""Logowanie/input_Sign in_sessionpassword""), password)",Chrome 87.0.4280.88,,,2020-12-30 22:05:29,2020-12-30 22:05:30,"0,554s",PASSED
"click(findTestObject(""Logowanie/input_Sign in_commit""))",Chrome 87.0.4280.88,,,2020-12-30 22:05:30,2020-12-30 22:05:31,"0,699s",PASSED
,,,,,,,
Test Cases/Logowanie,Chrome 87.0.4280.88,,,2020-12-30 22:05:31,2020-12-30 22:05:40,"8,997s",PASSED
"openBrowser("""")",Chrome 87.0.4280.88,,,2020-12-30 22:05:31,2020-12-30 22:05:34,"3,604s",PASSED
"setViewPortSize(1920, 1080)",Chrome 87.0.4280.88,,,2020-12-30 22:05:34,2020-12-30 22:05:36,"2,122s",PASSED
"navigateToUrl(""http://a.testaddressbook.com/"")",Chrome 87.0.4280.88,,,2020-12-30 22:05:36,2020-12-30 22:05:37,"0,669s",PASSED
"click(findTestObject(""Logowanie/a_Sign in""))",Chrome 87.0.4280.88,,,2020-12-30 22:05:37,2020-12-30 22:05:38,"0,503s",PASSED
"setText(findTestObject(""Logowanie/input_Sign in_sessionemail""), usermail)",Chrome 87.0.4280.88,,,2020-12-30 22:05:38,2020-12-30 22:05:38,"0,879s",PASSED
"setText(findTestObject(""Logowanie/input_Sign in_sessionpassword""), password)",Chrome 87.0.4280.88,,,2020-12-30 22:05:38,2020-12-30 22:05:39,"0,548s",PASSED
"click(findTestObject(""Logowanie/input_Sign in_commit""))",Chrome 87.0.4280.88,,,2020-12-30 22:05:39,2020-12-30 22:05:40,"0,666s",PASSED
,,,,,,,
Test Cases/Logowanie,Chrome 87.0.4280.88,,,2020-12-30 22:05:40,2020-12-30 22:05:49,"9,220s",PASSED
"openBrowser("""")",Chrome 87.0.4280.88,,,2020-12-30 22:05:40,2020-12-30 22:05:43,"3,597s",PASSED
"setViewPortSize(1920, 1080)",Chrome 87.0.4280.88,,,2020-12-30 22:05:43,2020-12-30 22:05:45,"2,117s",PASSED
"navigateToUrl(""http://a.testaddressbook.com/"")",Chrome 87.0.4280.88,,,2020-12-30 22:05:45,2020-12-30 22:05:46,"0,714s",PASSED
"click(findTestObject(""Logowanie/a_Sign in""))",Chrome 87.0.4280.88,,,2020-12-30 22:05:46,2020-12-30 22:05:47,"0,504s",PASSED
"setText(findTestObject(""Logowanie/input_Sign in_sessionemail""), usermail)",Chrome 87.0.4280.88,,,2020-12-30 22:05:47,2020-12-30 22:05:48,"0,960s",PASSED
"setText(findTestObject(""Logowanie/input_Sign in_sessionpassword""), password)",Chrome 87.0.4280.88,,,2020-12-30 22:05:48,2020-12-30 22:05:48,"0,537s",PASSED
"click(findTestObject(""Logowanie/input_Sign in_commit""))",Chrome 87.0.4280.88,,,2020-12-30 22:05:48,2020-12-30 22:05:49,"0,786s",PASSED
,,,,,,,
Test Cases/Logowanie,Chrome 87.0.4280.88,,,2020-12-30 22:05:49,2020-12-30 22:05:58,"9,537s",PASSED
"openBrowser("""")",Chrome 87.0.4280.88,,,2020-12-30 22:05:49,2020-12-30 22:05:53,"3,895s",PASSED
"setViewPortSize(1920, 1080)",Chrome 87.0.4280.88,,,2020-12-30 22:05:53,2020-12-30 22:05:55,"2,120s",PASSED
"navigateToUrl(""http://a.testaddressbook.com/"")",Chrome 87.0.4280.88,,,2020-12-30 22:05:55,2020-12-30 22:05:56,"0,775s",PASSED
"click(findTestObject(""Logowanie/a_Sign in""))",Chrome 87.0.4280.88,,,2020-12-30 22:05:56,2020-12-30 22:05:56,"0,507s",PASSED
"setText(findTestObject(""Logowanie/input_Sign in_sessionemail""), usermail)",Chrome 87.0.4280.88,,,2020-12-30 22:05:56,2020-12-30 22:05:57,"0,968s",PASSED
"setText(findTestObject(""Logowanie/input_Sign in_sessionpassword""), password)",Chrome 87.0.4280.88,,,2020-12-30 22:05:57,2020-12-30 22:05:58,"0,544s",PASSED
"click(findTestObject(""Logowanie/input_Sign in_commit""))",Chrome 87.0.4280.88,,,2020-12-30 22:05:58,2020-12-30 22:05:58,"0,724s",PASSED
,,,,,,,
Test Cases/Logowanie,Chrome 87.0.4280.88,,,2020-12-30 22:05:58,2020-12-30 22:06:08,"9,202s",PASSED
"openBrowser("""")",Chrome 87.0.4280.88,,,2020-12-30 22:05:58,2020-12-30 22:06:02,"3,609s",PASSED
"setViewPortSize(1920, 1080)",Chrome 87.0.4280.88,,,2020-12-30 22:06:02,2020-12-30 22:06:04,"2,119s",PASSED
"navigateToUrl(""http://a.testaddressbook.com/"")",Chrome 87.0.4280.88,,,2020-12-30 22:06:04,2020-12-30 22:06:05,"0,704s",PASSED
"click(findTestObject(""Logowanie/a_Sign in""))",Chrome 87.0.4280.88,,,2020-12-30 22:06:05,2020-12-30 22:06:05,"0,510s",PASSED
"setText(findTestObject(""Logowanie/input_Sign in_sessionemail""), usermail)",Chrome 87.0.4280.88,,,2020-12-30 22:06:05,2020-12-30 22:06:06,"0,879s",PASSED
"setText(findTestObject(""Logowanie/input_Sign in_sessionpassword""), password)",Chrome 87.0.4280.88,,,2020-12-30 22:06:06,2020-12-30 22:06:07,"0,584s",PASSED
"click(findTestObject(""Logowanie/input_Sign in_commit""))",Chrome 87.0.4280.88,,,2020-12-30 22:06:07,2020-12-30 22:06:08,"0,792s",PASSED
