Suite/Test/Step Name,Browser,Description,Tag,Start time,End time,Duration,Status
RejestracjaLogowanieWpisKsiazka,Chrome 87.0.4280.88,,,2020-12-30 21:50:10,2020-12-30 21:50:35,"25,104s",PASSED
,,,,,,,
Test Cases/Rejestracja,Chrome 87.0.4280.88,,,2020-12-30 21:50:10,2020-12-30 21:50:21,"10,149s",PASSED
"openBrowser("""")",Chrome 87.0.4280.88,,,2020-12-30 21:50:11,2020-12-30 21:50:14,"3,536s",PASSED
"setViewPortSize(1920, 1080)",Chrome 87.0.4280.88,,,2020-12-30 21:50:14,2020-12-30 21:50:16,"2,135s",PASSED
"navigateToUrl(""http://a.testaddressbook.com/"")",Chrome 87.0.4280.88,,,2020-12-30 21:50:16,2020-12-30 21:50:17,"0,757s",PASSED
"click(findTestObject(""Rejestracja/a_Sign in""))",Chrome 87.0.4280.88,,,2020-12-30 21:50:17,2020-12-30 21:50:18,"0,545s",PASSED
"click(findTestObject(""Rejestracja/a_Sign up""))",Chrome 87.0.4280.88,,,2020-12-30 21:50:18,2020-12-30 21:50:18,"0,618s",PASSED
"setText(findTestObject(""Rejestracja/input_Sign up_useremail""), usermail)",Chrome 87.0.4280.88,,,2020-12-30 21:50:18,2020-12-30 21:50:19,"1,001s",PASSED
"setText(findTestObject(""Rejestracja/input_Sign up_userpassword""), password)",Chrome 87.0.4280.88,,,2020-12-30 21:50:19,2020-12-30 21:50:20,"0,550s",PASSED
"click(findTestObject(""Rejestracja/input_Sign up_commit""))",Chrome 87.0.4280.88,,,2020-12-30 21:50:20,2020-12-30 21:50:21,"0,804s",PASSED
,,,,,,,
Test Cases/Logowanie,Chrome 87.0.4280.88,,,2020-12-30 21:50:21,2020-12-30 21:50:30,"9,458s",PASSED
"openBrowser("""")",Chrome 87.0.4280.88,,,2020-12-30 21:50:21,2020-12-30 21:50:24,"3,622s",PASSED
"setViewPortSize(1920, 1080)",Chrome 87.0.4280.88,,,2020-12-30 21:50:24,2020-12-30 21:50:26,"2,121s",PASSED
"navigateToUrl(""http://a.testaddressbook.com/"")",Chrome 87.0.4280.88,,,2020-12-30 21:50:26,2020-12-30 21:50:27,"0,704s",PASSED
"click(findTestObject(""Logowanie/a_Sign in""))",Chrome 87.0.4280.88,,,2020-12-30 21:50:27,2020-12-30 21:50:28,"0,505s",PASSED
"setText(findTestObject(""Logowanie/input_Sign in_sessionemail""), usermail)",Chrome 87.0.4280.88,,,2020-12-30 21:50:28,2020-12-30 21:50:29,"0,970s",PASSED
"setText(findTestObject(""Logowanie/input_Sign in_sessionpassword""), password)",Chrome 87.0.4280.88,,,2020-12-30 21:50:29,2020-12-30 21:50:29,"0,544s",PASSED
"click(findTestObject(""Logowanie/input_Sign in_commit""))",Chrome 87.0.4280.88,,,2020-12-30 21:50:29,2020-12-30 21:50:30,"0,866s",PASSED
,,,,,,,
Test Cases/WpisKsiazka,Chrome 87.0.4280.88,,,2020-12-30 21:50:30,2020-12-30 21:50:35,"4,888s",PASSED
"click(findTestObject(""WpisKsiazka/a_Addresses""))",Chrome 87.0.4280.88,,,2020-12-30 21:50:30,2020-12-30 21:50:31,"0,300s",PASSED
"click(findTestObject(""WpisKsiazka/a_New Address""))",Chrome 87.0.4280.88,,,2020-12-30 21:50:31,2020-12-30 21:50:31,"0,698s",PASSED
"setText(findTestObject(""WpisKsiazka/input_First name_addressfirst_name""), firstname)",Chrome 87.0.4280.88,,,2020-12-30 21:50:31,2020-12-30 21:50:32,"1,056s",PASSED
"setText(findTestObject(""WpisKsiazka/input_Last name_addresslast_name""), lastname)",Chrome 87.0.4280.88,,,2020-12-30 21:50:32,2020-12-30 21:50:33,"0,543s",PASSED
"setText(findTestObject(""WpisKsiazka/input_Zip code_addresszip_code""), zipcode)",Chrome 87.0.4280.88,,,2020-12-30 21:50:33,2020-12-30 21:50:33,"0,542s",PASSED
"setText(findTestObject(""WpisKsiazka/input_Address1_addressaddress1""), address)",Chrome 87.0.4280.88,,,2020-12-30 21:50:33,2020-12-30 21:50:34,"0,543s",PASSED
"setText(findTestObject(""WpisKsiazka/input_Age_addressage""), data)",Chrome 87.0.4280.88,,,2020-12-30 21:50:34,2020-12-30 21:50:34,"0,539s",PASSED
"click(findTestObject(""WpisKsiazka/Create_Address""))",Chrome 87.0.4280.88,,,2020-12-30 21:50:34,2020-12-30 21:50:35,"0,523s",PASSED
