Suite/Test/Step Name,Browser,Description,Tag,Start time,End time,Duration,Status
Rejestracja,Chrome 87.0.4280.88,,,2020-12-30 22:03:24,2020-12-30 22:04:16,"51,527s",PASSED
,,,,,,,
Test Cases/Rejestracja,Chrome 87.0.4280.88,,,2020-12-30 22:03:25,2020-12-30 22:03:35,"10,558s",PASSED
"openBrowser("""")",Chrome 87.0.4280.88,,,2020-12-30 22:03:25,2020-12-30 22:03:29,"3,552s",PASSED
"setViewPortSize(1920, 1080)",Chrome 87.0.4280.88,,,2020-12-30 22:03:29,2020-12-30 22:03:31,"2,129s",PASSED
"navigateToUrl(""http://a.testaddressbook.com/"")",Chrome 87.0.4280.88,,,2020-12-30 22:03:31,2020-12-30 22:03:32,"1,009s",PASSED
"click(findTestObject(""Rejestracja/a_Sign in""))",Chrome 87.0.4280.88,,,2020-12-30 22:03:32,2020-12-30 22:03:32,"0,534s",PASSED
"click(findTestObject(""Rejestracja/a_Sign up""))",Chrome 87.0.4280.88,,,2020-12-30 22:03:32,2020-12-30 22:03:33,"0,622s",PASSED
"setText(findTestObject(""Rejestracja/input_Sign up_useremail""), usermail)",Chrome 87.0.4280.88,,,2020-12-30 22:03:33,2020-12-30 22:03:34,"0,983s",PASSED
"setText(findTestObject(""Rejestracja/input_Sign up_userpassword""), password)",Chrome 87.0.4280.88,,,2020-12-30 22:03:34,2020-12-30 22:03:34,"0,553s",PASSED
"click(findTestObject(""Rejestracja/input_Sign up_commit""))",Chrome 87.0.4280.88,,,2020-12-30 22:03:34,2020-12-30 22:03:35,"0,972s",PASSED
,,,,,,,
Test Cases/Rejestracja,Chrome 87.0.4280.88,,,2020-12-30 22:03:35,2020-12-30 22:03:45,"9,795s",PASSED
"openBrowser("""")",Chrome 87.0.4280.88,,,2020-12-30 22:03:35,2020-12-30 22:03:39,"3,597s",PASSED
"setViewPortSize(1920, 1080)",Chrome 87.0.4280.88,,,2020-12-30 22:03:39,2020-12-30 22:03:41,"2,127s",PASSED
"navigateToUrl(""http://a.testaddressbook.com/"")",Chrome 87.0.4280.88,,,2020-12-30 22:03:41,2020-12-30 22:03:42,"0,713s",PASSED
"click(findTestObject(""Rejestracja/a_Sign in""))",Chrome 87.0.4280.88,,,2020-12-30 22:03:42,2020-12-30 22:03:42,"0,526s",PASSED
"click(findTestObject(""Rejestracja/a_Sign up""))",Chrome 87.0.4280.88,,,2020-12-30 22:03:42,2020-12-30 22:03:43,"0,697s",PASSED
"setText(findTestObject(""Rejestracja/input_Sign up_useremail""), usermail)",Chrome 87.0.4280.88,,,2020-12-30 22:03:43,2020-12-30 22:03:44,"0,865s",PASSED
"setText(findTestObject(""Rejestracja/input_Sign up_userpassword""), password)",Chrome 87.0.4280.88,,,2020-12-30 22:03:44,2020-12-30 22:03:45,"0,548s",PASSED
"click(findTestObject(""Rejestracja/input_Sign up_commit""))",Chrome 87.0.4280.88,,,2020-12-30 22:03:45,2020-12-30 22:03:45,"0,716s",PASSED
,,,,,,,
Test Cases/Rejestracja,Chrome 87.0.4280.88,,,2020-12-30 22:03:45,2020-12-30 22:03:56,"10,896s",PASSED
"openBrowser("""")",Chrome 87.0.4280.88,,,2020-12-30 22:03:45,2020-12-30 22:03:50,"4,339s",PASSED
"setViewPortSize(1920, 1080)",Chrome 87.0.4280.88,,,2020-12-30 22:03:50,2020-12-30 22:03:52,"2,118s",PASSED
"navigateToUrl(""http://a.testaddressbook.com/"")",Chrome 87.0.4280.88,,,2020-12-30 22:03:52,2020-12-30 22:03:53,"0,966s",PASSED
"click(findTestObject(""Rejestracja/a_Sign in""))",Chrome 87.0.4280.88,,,2020-12-30 22:03:53,2020-12-30 22:03:53,"0,506s",PASSED
"click(findTestObject(""Rejestracja/a_Sign up""))",Chrome 87.0.4280.88,,,2020-12-30 22:03:53,2020-12-30 22:03:54,"0,703s",PASSED
"setText(findTestObject(""Rejestracja/input_Sign up_useremail""), usermail)",Chrome 87.0.4280.88,,,2020-12-30 22:03:54,2020-12-30 22:03:55,"0,971s",PASSED
"setText(findTestObject(""Rejestracja/input_Sign up_userpassword""), password)",Chrome 87.0.4280.88,,,2020-12-30 22:03:55,2020-12-30 22:03:55,"0,543s",PASSED
"click(findTestObject(""Rejestracja/input_Sign up_commit""))",Chrome 87.0.4280.88,,,2020-12-30 22:03:55,2020-12-30 22:03:56,"0,743s",PASSED
,,,,,,,
Test Cases/Rejestracja,Chrome 87.0.4280.88,,,2020-12-30 22:03:56,2020-12-30 22:04:06,"9,918s",PASSED
"openBrowser("""")",Chrome 87.0.4280.88,,,2020-12-30 22:03:56,2020-12-30 22:04:00,"3,616s",PASSED
"setViewPortSize(1920, 1080)",Chrome 87.0.4280.88,,,2020-12-30 22:04:00,2020-12-30 22:04:02,"2,120s",PASSED
"navigateToUrl(""http://a.testaddressbook.com/"")",Chrome 87.0.4280.88,,,2020-12-30 22:04:02,2020-12-30 22:04:03,"0,712s",PASSED
"click(findTestObject(""Rejestracja/a_Sign in""))",Chrome 87.0.4280.88,,,2020-12-30 22:04:03,2020-12-30 22:04:03,"0,512s",PASSED
"click(findTestObject(""Rejestracja/a_Sign up""))",Chrome 87.0.4280.88,,,2020-12-30 22:04:03,2020-12-30 22:04:04,"0,624s",PASSED
"setText(findTestObject(""Rejestracja/input_Sign up_useremail""), usermail)",Chrome 87.0.4280.88,,,2020-12-30 22:04:04,2020-12-30 22:04:05,"0,872s",PASSED
"setText(findTestObject(""Rejestracja/input_Sign up_userpassword""), password)",Chrome 87.0.4280.88,,,2020-12-30 22:04:05,2020-12-30 22:04:05,"0,544s",PASSED
"click(findTestObject(""Rejestracja/input_Sign up_commit""))",Chrome 87.0.4280.88,,,2020-12-30 22:04:05,2020-12-30 22:04:06,"0,914s",PASSED
,,,,,,,
Test Cases/Rejestracja,Chrome 87.0.4280.88,,,2020-12-30 22:04:06,2020-12-30 22:04:16,"9,720s",PASSED
"openBrowser("""")",Chrome 87.0.4280.88,,,2020-12-30 22:04:06,2020-12-30 22:04:10,"3,597s",PASSED
"setViewPortSize(1920, 1080)",Chrome 87.0.4280.88,,,2020-12-30 22:04:10,2020-12-30 22:04:12,"2,121s",PASSED
"navigateToUrl(""http://a.testaddressbook.com/"")",Chrome 87.0.4280.88,,,2020-12-30 22:04:12,2020-12-30 22:04:13,"0,678s",PASSED
"click(findTestObject(""Rejestracja/a_Sign in""))",Chrome 87.0.4280.88,,,2020-12-30 22:04:13,2020-12-30 22:04:13,"0,505s",PASSED
"click(findTestObject(""Rejestracja/a_Sign up""))",Chrome 87.0.4280.88,,,2020-12-30 22:04:13,2020-12-30 22:04:14,"0,618s",PASSED
"setText(findTestObject(""Rejestracja/input_Sign up_useremail""), usermail)",Chrome 87.0.4280.88,,,2020-12-30 22:04:14,2020-12-30 22:04:15,"0,864s",PASSED
"setText(findTestObject(""Rejestracja/input_Sign up_userpassword""), password)",Chrome 87.0.4280.88,,,2020-12-30 22:04:15,2020-12-30 22:04:15,"0,542s",PASSED
"click(findTestObject(""Rejestracja/input_Sign up_commit""))",Chrome 87.0.4280.88,,,2020-12-30 22:04:15,2020-12-30 22:04:16,"0,791s",PASSED
