Suite/Test/Step Name,Browser,Description,Tag,Start time,End time,Duration,Status
RejestracjaLogowanieWpisKsiazka,Chrome 87.0.4280.88,,,2020-12-30 22:08:45,2020-12-30 22:09:10,"25,347s",PASSED
,,,,,,,
Test Cases/Rejestracja,Chrome 87.0.4280.88,,,2020-12-30 22:08:46,2020-12-30 22:08:56,"10,183s",PASSED
"openBrowser("""")",Chrome 87.0.4280.88,,,2020-12-30 22:08:46,2020-12-30 22:08:49,"3,534s",PASSED
"setViewPortSize(1920, 1080)",Chrome 87.0.4280.88,,,2020-12-30 22:08:49,2020-12-30 22:08:51,"2,131s",PASSED
"navigateToUrl(""http://a.testaddressbook.com/"")",Chrome 87.0.4280.88,,,2020-12-30 22:08:51,2020-12-30 22:08:52,"0,735s",PASSED
"click(findTestObject(""Rejestracja/a_Sign in""))",Chrome 87.0.4280.88,,,2020-12-30 22:08:52,2020-12-30 22:08:53,"0,539s",PASSED
"click(findTestObject(""Rejestracja/a_Sign up""))",Chrome 87.0.4280.88,,,2020-12-30 22:08:53,2020-12-30 22:08:53,"0,701s",PASSED
"setText(findTestObject(""Rejestracja/input_Sign up_useremail""), usermail)",Chrome 87.0.4280.88,,,2020-12-30 22:08:53,2020-12-30 22:08:54,"0,984s",PASSED
"setText(findTestObject(""Rejestracja/input_Sign up_userpassword""), password)",Chrome 87.0.4280.88,,,2020-12-30 22:08:54,2020-12-30 22:08:55,"0,553s",PASSED
"click(findTestObject(""Rejestracja/input_Sign up_commit""))",Chrome 87.0.4280.88,,,2020-12-30 22:08:55,2020-12-30 22:08:56,"0,798s",PASSED
,,,,,,,
Test Cases/Logowanie,Chrome 87.0.4280.88,,,2020-12-30 22:08:56,2020-12-30 22:09:05,"9,671s",PASSED
"openBrowser("""")",Chrome 87.0.4280.88,,,2020-12-30 22:08:56,2020-12-30 22:08:59,"3,611s",PASSED
"setViewPortSize(1920, 1080)",Chrome 87.0.4280.88,,,2020-12-30 22:08:59,2020-12-30 22:09:02,"2,125s",PASSED
"navigateToUrl(""http://a.testaddressbook.com/"")",Chrome 87.0.4280.88,,,2020-12-30 22:09:02,2020-12-30 22:09:03,"1,053s",PASSED
"click(findTestObject(""Logowanie/a_Sign in""))",Chrome 87.0.4280.88,,,2020-12-30 22:09:03,2020-12-30 22:09:03,"0,501s",PASSED
"setText(findTestObject(""Logowanie/input_Sign in_sessionemail""), usermail)",Chrome 87.0.4280.88,,,2020-12-30 22:09:03,2020-12-30 22:09:04,"0,884s",PASSED
"setText(findTestObject(""Logowanie/input_Sign in_sessionpassword""), password)",Chrome 87.0.4280.88,,,2020-12-30 22:09:04,2020-12-30 22:09:05,"0,547s",PASSED
"click(findTestObject(""Logowanie/input_Sign in_commit""))",Chrome 87.0.4280.88,,,2020-12-30 22:09:05,2020-12-30 22:09:05,"0,822s",PASSED
,,,,,,,
Test Cases/WpisKsiazka,Chrome 87.0.4280.88,,,2020-12-30 22:09:05,2020-12-30 22:09:10,"4,897s",PASSED
"click(findTestObject(""WpisKsiazka/a_Addresses""))",Chrome 87.0.4280.88,,,2020-12-30 22:09:06,2020-12-30 22:09:06,"0,295s",PASSED
"click(findTestObject(""WpisKsiazka/a_New Address""))",Chrome 87.0.4280.88,,,2020-12-30 22:09:06,2020-12-30 22:09:07,"0,717s",PASSED
"setText(findTestObject(""WpisKsiazka/input_First name_addressfirst_name""), firstname)",Chrome 87.0.4280.88,,,2020-12-30 22:09:07,2020-12-30 22:09:08,"0,954s",PASSED
"setText(findTestObject(""WpisKsiazka/input_Last name_addresslast_name""), lastname)",Chrome 87.0.4280.88,,,2020-12-30 22:09:08,2020-12-30 22:09:08,"0,546s",PASSED
"setText(findTestObject(""WpisKsiazka/input_Zip code_addresszip_code""), zipcode)",Chrome 87.0.4280.88,,,2020-12-30 22:09:08,2020-12-30 22:09:09,"0,556s",PASSED
"setText(findTestObject(""WpisKsiazka/input_Address1_addressaddress1""), address)",Chrome 87.0.4280.88,,,2020-12-30 22:09:09,2020-12-30 22:09:09,"0,552s",PASSED
"setText(findTestObject(""WpisKsiazka/input_Age_addressage""), data)",Chrome 87.0.4280.88,,,2020-12-30 22:09:09,2020-12-30 22:09:10,"0,549s",PASSED
"click(findTestObject(""WpisKsiazka/Create_Address""))",Chrome 87.0.4280.88,,,2020-12-30 22:09:10,2020-12-30 22:09:10,"0,594s",PASSED
